{
	"class_name" : "ViewTrajectory",
	"interval" : 29,
	"is_loop" : false,
	"trajectory" : 
	[
		{
			"boundingbox_max" : [ 46.394031524658203, 45.5372314453125, 2.0 ],
			"boundingbox_min" : [ -43.628185272216797, -49.955348968505859, -2.3440940380096436 ],
			"field_of_view" : 60.0,
			"front" : [ -0.92978757692418856, 0.034419249756744735, 0.36648380188437957 ],
			"lookat" : [ 0.8943193255338312, -0.22646075243727642, 0.86832605041723321 ],
			"up" : [ 0.36714530503119303, 0.015185785387722358, 0.93003963190592609 ],
			"zoom" : 0.099999999999999617
		}
	],
	"version_major" : 1,
	"version_minor" : 0
}